paper_id,title,authors,abstract,year,topics
P001,Deep Learning for Medical Image Analysis,"John Smith; Alice Brown","Deep learning techniques are used for medical image classification and disease detection. Convolutional neural networks provide effective solutions for image analysis.",2024,"Deep Learning;Medical Imaging;Computer Vision"
P002,Graph Neural Networks for Social Network Analysis,"David Lee; Maria Garcia","Graph neural networks can analyze relationships between users in social networks and identify communities and influential users.",2023,"Graph Neural Networks;Social Networks;Machine Learning"
P003,Natural Language Processing for Research Papers,"Robert Wilson; Alice Brown","Natural language processing techniques can extract important entities and relationships from scientific research papers.",2024,"Natural Language Processing;Information Extraction;Artificial Intelligence"
P004,Knowledge Graphs for Scientific Research,"Maria Garcia; John Smith","Knowledge graphs represent researchers, papers, topics and relationships to support scientific information discovery.",2025,"Knowledge Graphs;Research Discovery;Artificial Intelligence"
P005,Transformer Models for Text Classification,"David Lee; Robert Wilson","Transformer-based models provide powerful methods for text classification and document understanding.",2023,"Transformers;Natural Language Processing;Deep Learning"
P006,Recommendation Systems for Researchers,"Alice Brown; Maria Garcia","Recommendation algorithms can identify related research papers and potential collaborators based on research interests.",2025,"Recommendation Systems;Research Discovery;Machine Learning"
P007,GraphRAG for Scientific Question Answering,"John Smith; Robert Wilson","Graph retrieval combined with language models can improve question answering over scientific research data.",2025,"GraphRAG;Knowledge Graphs;Large Language Models"
P008,Vector Search for Academic Documents,"Maria Garcia; David Lee","Vector embeddings enable semantic search and retrieval of research papers based on their meaning.",2024,"Vector Retrieval;Embeddings;Information Retrieval"
P009,AI Based Patent Analysis,"Robert Wilson; Alice Brown","Artificial intelligence techniques can analyze patents and identify technologies, researchers and related research areas.",2024,"Artificial Intelligence;Patent Analysis;Knowledge Graphs"
P010,Research Collaboration Networks,"John Smith; Maria Garcia","Collaboration networks can be analyzed using graph algorithms to identify important researchers and potential collaborators.",2023,"Research Networks;Graph Algorithms;Recommendation Systems"